[
  {
    "model": "Accounts.heads",
    "pk": 1,
    "fields": {
      "Name": "ASSETS"
    }
  },
  {
    "model": "Accounts.heads",
    "pk": 2,
    "fields": {
      "Name": "EXPENSE"
    }
  },
  {
    "model": "Accounts.heads",
    "pk": 3,
    "fields": {
      "Name": "LIABILITIES"
    }
  },
  {
    "model": "Accounts.heads",
    "pk": 4,
    "fields": {
      "Name": "EQUITY"
    }
  },
  {
    "model": "Accounts.heads",
    "pk": 5,
    "fields": {
      "Name": "REVENUE"
    }
  },

  {
    "model": "Accounts.subheads",
    "pk": 1,
    "fields": {
      "Head_ID": 1,
      "Name": "CASH",
      "Fixed_Flag": 1

    }
  },
  {
    "model": "Accounts.subheads",
    "pk": 2,
    "fields": {
      "Head_ID": 1,
      "Name": "BANK",
      "Fixed_Flag": 1

    }
  },
  {
    "model": "Accounts.subheads",
    "pk": 3,
    "fields": {
      "Head_ID": 1,
      "Name": "INVENTORY",
      "Fixed_Flag": 1

    }
  },
  {
    "model": "Accounts.subheads",
    "pk": 4,
    "fields": {
      "Head_ID": 1,
      "Name": "ACCOUNTS RECIEVEABLE",
      "Fixed_Flag": 1

    }
  },
  {
    "model": "Accounts.subheads",
    "pk": 5,
    "fields": {
      "Head_ID": 1,
      "Name": "PREPAID EXPENSES",
      "Fixed_Flag": 1

    }
  },
  {
    "model": "Accounts.subheads",
    "pk": 6,
    "fields": {
      "Head_ID": 1,
      "Name": "PROPERTY, PLANT & EQUIPMENT",
      "Fixed_Flag": 1

    }
  },
  {
    "model": "Accounts.subheads",
    "pk": 7,
    "fields": {
      "Head_ID": 1,
      "Name": "INPUT GST ON CONTRACT",
      "Fixed_Flag": 1

    }
  },
  {
    "model": "Accounts.subheads",
    "pk": 8,
    "fields": {
      "Head_ID": 1,
      "Name": "INCOME-TAX DEDUCTED AT SOURCE",
      "Fixed_Flag": 1

    }
  },
  {
    "model": "Accounts.subheads",
    "pk": 9,
    "fields": {
      "Head_ID": 1,
      "Name": "GST WITHHELD",
      "Fixed_Flag": 1

    }
  },
  {
    "model": "Accounts.subheads",
    "pk": 10,
    "fields": {
      "Head_ID": 3,
      "Name": "ACCOUNTS PAYABLE",
      "Fixed_Flag": 1

    }
  },
  {
    "model": "Accounts.subheads",
    "pk": 11,
    "fields": {
      "Head_ID": 3,
      "Name": "TAX PAYABLE",
      "Fixed_Flag": 1

    }
  },
  {
    "model": "Accounts.subheads",
    "pk": 12,
    "fields": {
      "Head_ID": 3,
      "Name": "SALARIES & WAGES PAYABLE",
      "Fixed_Flag": 1

    }
  },
  {
    "model": "Accounts.subheads",
    "pk": 13,
    "fields": {
      "Head_ID": 2,
      "Name": "OTHER ACCRUED EXPENSES PAYABLE",
      "Fixed_Flag": 1

    }
  },
  {
    "model": "Accounts.subheads",
    "pk": 14,
    "fields": {
      "Head_ID": 3,
      "Name": "INTERCOMPANY PAYABLES",
      "Fixed_Flag": 1

    }
  },
  {
    "model": "Accounts.subheads",
    "pk": 15,
    "fields": {
      "Head_ID": 3,
      "Name": "OUTPUT GST",
      "Fixed_Flag": 1

    }
  },
  {
    "model": "Accounts.subheads",
    "pk": 16,
    "fields": {
      "Head_ID": 4,
      "Name": "OWNER'S CAPITAL",
      "Fixed_Flag": 1

    }
  },
  {
    "model": "Accounts.subheads",
    "pk": 17,
    "fields": {
      "Head_ID": 4,
      "Name": "RETAINED EARNINGS",
      "Fixed_Flag": 1

    }
  },
  {
    "model": "Accounts.subheads",
    "pk": 18,
    "fields": {
      "Head_ID":3,
      "Name": "DIVIDENDS",
      "Fixed_Flag": 1

    }
  },
  {
    "model": "Accounts.subheads",
    "pk": 19,
    "fields": {
      "Head_ID": 4,
      "Name": "DRAWINGS",
      "Fixed_Flag": 1

    }
  },
  {
    "model": "Accounts.subheads",
    "pk": 20,
    "fields": {
      "Head_ID": 2,
      "Name": "OPERATING EXPENSE",
      "Fixed_Flag": 1

    }
  },
  {
    "model": "Accounts.subheads",
    "pk": 21,
    "fields": {
      "Head_ID": 2,
      "Name": "ADMINISTRATIVE EXPENSE",
      "Fixed_Flag": 1

    }
  },
  {
    "model": "Accounts.subheads",
    "pk": 22,
    "fields": {
      "Head_ID": 2,
      "Name": "SELLING EXPENSE ",
      "Fixed_Flag": 1

    }
  },
  {
    "model": "Accounts.subheads",
    "pk": 23,
    "fields": {
      "Head_ID": 2,
      "Name": "FINANCIAL EXPENSE",
      "Fixed_Flag": 1

    }
  },
  {
    "model": "Accounts.subheads",
    "pk": 24,
    "fields": {
      "Head_ID": 5,
      "Name": "OPERATING REVENUE",
      "Fixed_Flag": 1

    }
  },
  {
    "model": "Accounts.subheads",
    "pk": 25,
    "fields": {
      "Head_ID": 5,
      "Name": "OTHER REVENUE",
      "Fixed_Flag": 1

    }
  },

  {
    "model": "Accounts.elementaryhead",
    "pk": 1,
    "fields": {
      "Subhead_ID": 1,
      "Name": "CASH IN HAND",
      "Account_Codes": "00001-00001-00001",
      "Fixed_Flag": 1,
      "Left": 1,
      "Right": 0

    }
  },
  {
    "model": "Accounts.elementaryhead",
    "pk": 2,
    "fields": {
      "Subhead_ID": 3,
      "Name": "GOODS IN TRANSIT",
      "Account_Codes": "00001-00003-00002",
      "Fixed_Flag": 1,
      "Left": 1,
      "Right": 0

    }
  },
  {
    "model": "Accounts.elementaryhead",
    "pk": 3,
    "fields": {
      "Subhead_ID": 3,
      "Name": "GOODS OUT TRANSIT",
      "Account_Codes": "00001-00003-00003",
      "Fixed_Flag": 1,
      "Left": 1,
      "Right": 0

    }
  },
  {
    "model": "Accounts.elementaryhead",
    "pk": 4,
    "fields": {
      "Subhead_ID": 3,
      "Name": "WORK IN PROGRESS",
      "Account_Codes": "00001-00003-00004",
      "Fixed_Flag": 1,
      "Left": 1,
      "Right": 0

    }
  },
  {
    "model": "Accounts.elementaryhead",
    "pk": 5,
    "fields": {
      "Subhead_ID": 3,
      "Name": "CURRENT STOCK",
      "Account_Codes": "00001-00003-00005",
      "Fixed_Flag": 1,
      "Left": 1,
      "Right": 0


    }
  },
  {
    "model": "Accounts.elementaryhead",
    "pk": 6,
    "fields": {
      "Subhead_ID": 5,
      "Name": "INSURANCE",
      "Account_Codes": "00001-00005-00006",
      "Fixed_Flag": 1,
      "Left": 1,
      "Right": 0


    }
  },
  {
    "model": "Accounts.elementaryhead",
    "pk": 7,
    "fields": {
      "Subhead_ID": 6,
      "Name": "REPAIRS & MAINTAINANCE",
      "Account_Codes": "00001-00006-00007",
      "Fixed_Flag": 1,
      "Left": 1,
      "Right": 0


    }
  },
  {
    "model": "Accounts.elementaryhead",
    "pk": 8,
    "fields": {
      "Subhead_ID": 6,
      "Name": "ADVANCE RENT",
      "Account_Codes": "00001-00006-00008",
      "Fixed_Flag": 1,
      "Left": 1,
      "Right": 0


    }
  },
  {
    "model": "Accounts.elementaryhead",
    "pk": 9,
    "fields": {
      "Subhead_ID": 7,
      "Name": "INPUT SALES TAX ",
      "Account_Codes": "00001-00007-00009",
      "Fixed_Flag": 1,
      "Left": 1,
      "Right": 0


    }
  },
  {
    "model": "Accounts.elementaryhead",
    "pk": 10,
    "fields": {
      "Subhead_ID": 8,
      "Name": "INPUT SALES TAX ON CONTRACT",
      "Account_Codes": "00001-00008-000010",
      "Fixed_Flag": 1,
      "Left": 1,
      "Right": 0


    }
  },
  {
    "model": "Accounts.elementaryhead",
    "pk": 11,
    "fields": {
      "Subhead_ID": 14,
      "Name": "RENT",
      "Account_Codes": "00003-000014-000011",
      "Fixed_Flag": 1,
      "Left":0 ,
      "Right":1


    }
  },
  {
    "model": "Accounts.elementaryhead",
    "pk": 12,
    "fields": {
      "Subhead_ID": 14,
      "Name": "INTEREST",
      "Account_Codes": "00003-000014-000012",
      "Fixed_Flag": 1,
       "Left":0 ,
      "Right":1


    }
  },
  {
    "model": "Accounts.elementaryhead",
    "pk": 13,
    "fields": {
      "Subhead_ID": 14,
      "Name": "PROPERTY TAXES",
      "Account_Codes": "00003-000014-000013",
      "Fixed_Flag": 1,
       "Left":0 ,
      "Right":1


    }
  },
  {
    "model": "Accounts.elementaryhead",
    "pk": 14,
    "fields": {
      "Subhead_ID": 16,
      "Name": "OUTPUT SALES TAX",
      "Account_Codes": "00003-000016-000014",
      "Fixed_Flag": 1,
       "Left":0 ,
      "Right":1


    }
  },
  {
    "model": "Accounts.elementaryhead",
    "pk": 15,
    "fields": {
      "Subhead_ID": 18,
      "Name": "PROFIT/(LOSS) FOR THE YEAR",
      "Account_Codes": "00004-000018-000015",
      "Fixed_Flag": 1,
       "Left":0 ,
      "Right":1


    }
  },
  {
    "model": "Accounts.elementaryhead",
    "pk": 16,
    "fields": {
      "Subhead_ID": 18,
      "Name": "PROFIT/(LOSS) CARRIED FORWARD",
      "Account_Codes": "00004-000018-000016",
      "Fixed_Flag": 1,
       "Left":0 ,
      "Right":1


    }
  },
  {
    "model": "Accounts.elementaryhead",
    "pk": 17,
    "fields": {
      "Subhead_ID": 19,
      "Name": "DIVEDENDS FOR THE YEAR",
      "Account_Codes": "00004-000019-000017",
      "Fixed_Flag": 1,
       "Left":0 ,
      "Right":1


    }
  },
  {
    "model": "Accounts.elementaryhead",
    "pk": 18,
    "fields": {
      "Subhead_ID": 22,
      "Name": "SALARIES (ADMINISTRATIVE STAFF) EXPENSE",
      "Account_Codes": "00002-000022-000018",
      "Fixed_Flag": 1,
       "Left":1 ,
      "Right":0


    }
  },
  {
    "model": "Accounts.elementaryhead",
    "pk": 19,
    "fields": {
      "Subhead_ID": 22,
      "Name": "UTILITIES EXPENSE ",
      "Account_Codes": "00002-000022-000019",
      "Fixed_Flag": 1,
      "Left":1 ,
      "Right":0


    }
  },
  {
    "model": "Accounts.elementaryhead",
    "pk": 20,
    "fields": {
      "Subhead_ID": 22,
      "Name": "RENT EXPENSE",
      "Account_Codes": "00002-000022-000020",
      "Fixed_Flag": 1,
      "Left":1 ,
      "Right":0


    }
  },
  {
    "model": "Accounts.elementaryhead",
    "pk": 21,
    "fields": {
      "Subhead_ID": 23,
      "Name": "ADVERTISEMENT EXPENSE",
      "Account_Codes": "00002-000023-000021",
      "Fixed_Flag": 1,
      "Left":1 ,
      "Right":0


    }
  },
  {
    "model": "Accounts.elementaryhead",
    "pk": 22,
    "fields": {
      "Subhead_ID": 23,
      "Name": "SALARIES (SALES STAFF) EXPENSE",
      "Account_Codes": "00002-000023-000022",
      "Fixed_Flag": 1,
      "Left":1 ,
      "Right":0


    }
  },
  {
    "model": "Accounts.elementaryhead",
    "pk": 23,
    "fields": {
      "Subhead_ID": 24,
      "Name": "BANK CHARGES EXPENSE ",
      "Account_Codes": "00002-000024-000023",
      "Fixed_Flag": 1,
      "Left":1 ,
      "Right":0


    }
  },
  {
    "model": "Accounts.elementaryhead",
    "pk": 24,
    "fields": {
      "Subhead_ID": 24,
      "Name": "INTEREST EXPENSE",
      "Account_Codes": "00002-000024-000024",
      "Fixed_Flag": 1,
      "Left":1 ,
      "Right":0


    }
  },
  {
    "model": "Accounts.elementaryhead",
    "pk": 25,
    "fields": {
      "Subhead_ID": 25,
      "Name": "SERVICES REVENUE",
      "Account_Codes": "00005-000025-000025",
      "Fixed_Flag": 1,
      "Left":0 ,
      "Right":1


    }
  },
  {
    "model": "Accounts.elementaryhead",
    "pk": 26,
    "fields": {
      "Subhead_ID": 25,
      "Name": "RENTAL REVENUE",
      "Account_Codes": "00005-000026-000026",
      "Fixed_Flag": 1,
      "Left":0 ,
      "Right":1

    }
  },
  {
    "model": "Accounts.elementaryhead",
    "pk": 27,
    "fields": {
      "Subhead_ID": 25,
      "Name": "INTEREST REVENUE",
      "Account_Codes": "00005-000026-000027",
      "Fixed_Flag": 1,
      "Left":0 ,
      "Right":1

    }
  }
]