[
  {
    "model": "Accounts.heads",
    "pk": 1,
    "fields": {
      "name": "ASSETS"
    }
  },
  {
    "model": "Accounts.heads",
    "pk": 2,
    "fields": {
      "name": "EXPENSE"
    }
  },
  {
    "model": "Accounts.heads",
    "pk": 3,
    "fields": {
      "name": "LIABILITIES"
    }
  },
  {
    "model": "Accounts.heads",
    "pk": 4,
    "fields": {
      "name": "EQUITY"
    }
  },
  {
    "model": "Accounts.heads",
    "pk": 5,
    "fields": {
      "name": "REVENUE"
    }
  },

  {
    "model": "Accounts.subheads",
    "pk": 1,
    "fields": {
      "head": 1,
      "name": "CASH",
      "fixed": 1

    }
  },
  {
    "model": "Accounts.subheads",
    "pk": 2,
    "fields": {
      "head": 1,
      "name": "BANK",
      "fixed": 1

    }
  },
  {
    "model": "Accounts.subheads",
    "pk": 3,
    "fields": {
      "head": 1,
      "name": "INVENTORY",
      "fixed": 1

    }
  },
  {
    "model": "Accounts.subheads",
    "pk": 4,
    "fields": {
      "head": 1,
      "name": "ACCOUNTS RECIEVEABLE",
      "fixed": 1

    }
  },
  {
    "model": "Accounts.subheads",
    "pk": 5,
    "fields": {
      "head": 1,
      "name": "PREPAID EXPENSES",
      "fixed": 1

    }
  },
  {
    "model": "Accounts.subheads",
    "pk": 6,
    "fields": {
      "head": 1,
      "name": "PROPERTY, PLANT & EQUIPMENT",
      "fixed": 1

    }
  },
  {
    "model": "Accounts.subheads",
    "pk": 7,
    "fields": {
      "head": 1,
      "name": "INPUT GST ON CONTRACT",
      "fixed": 1

    }
  },
  {
    "model": "Accounts.subheads",
    "pk": 8,
    "fields": {
      "head": 1,
      "name": "INCOME-TAX DEDUCTED AT SOURCE",
      "fixed": 1

    }
  },
  {
    "model": "Accounts.subheads",
    "pk": 9,
    "fields": {
      "head": 1,
      "name": "GST WITHHELD",
      "fixed": 1

    }
  },
  {
    "model": "Accounts.subheads",
    "pk": 10,
    "fields": {
      "head": 3,
      "name": "ACCOUNTS PAYABLE",
      "fixed": 1

    }
  },
  {
    "model": "Accounts.subheads",
    "pk": 11,
    "fields": {
      "head": 3,
      "name": "TAX PAYABLE",
      "fixed": 1

    }
  },
  {
    "model": "Accounts.subheads",
    "pk": 12,
    "fields": {
      "head": 3,
      "name": "SALARIES & WAGES PAYABLE",
      "fixed": 1

    }
  },
  {
    "model": "Accounts.subheads",
    "pk": 13,
    "fields": {
      "head": 2,
      "name": "OTHER ACCRUED EXPENSES PAYABLE",
      "fixed": 1

    }
  },
  {
    "model": "Accounts.subheads",
    "pk": 14,
    "fields": {
      "head": 3,
      "name": "INTERCOMPANY PAYABLES",
      "fixed": 1

    }
  },
  {
    "model": "Accounts.subheads",
    "pk": 15,
    "fields": {
      "head": 3,
      "name": "OUTPUT GST",
      "fixed": 1

    }
  },
  {
    "model": "Accounts.subheads",
    "pk": 16,
    "fields": {
      "head": 4,
      "name": "OWNER'S CAPITAL",
      "fixed": 1

    }
  },
  {
    "model": "Accounts.subheads",
    "pk": 17,
    "fields": {
      "head": 4,
      "name": "RETAINED EARNINGS",
      "fixed": 1

    }
  },
  {
    "model": "Accounts.subheads",
    "pk": 18,
    "fields": {
      "head":3,
      "name": "DIVIDENDS",
      "fixed": 1

    }
  },
  {
    "model": "Accounts.subheads",
    "pk": 19,
    "fields": {
      "head": 4,
      "name": "DRAWINGS",
      "fixed": 1

    }
  },
  {
    "model": "Accounts.subheads",
    "pk": 20,
    "fields": {
      "head": 2,
      "name": "OPERATING EXPENSE",
      "fixed": 1

    }
  },
  {
    "model": "Accounts.subheads",
    "pk": 21,
    "fields": {
      "head": 2,
      "name": "ADMINISTRATIVE EXPENSE",
      "fixed": 1

    }
  },
  {
    "model": "Accounts.subheads",
    "pk": 22,
    "fields": {
      "head": 2,
      "name": "SELLING EXPENSE ",
      "fixed": 1

    }
  },
  {
    "model": "Accounts.subheads",
    "pk": 23,
    "fields": {
      "head": 2,
      "name": "FINANCIAL EXPENSE",
      "fixed": 1

    }
  },
  {
    "model": "Accounts.subheads",
    "pk": 24,
    "fields": {
      "head": 5,
      "name": "OPERATING REVENUE",
      "fixed": 1

    }
  },
  {
    "model": "Accounts.subheads",
    "pk": 25,
    "fields": {
      "head": 5,
      "name": "OTHER REVENUE",
      "fixed": 1

    }
  },

  {
    "model": "Accounts.elementaryhead",
    "pk": 1,
    "fields": {
      "subhead": 1,
      "name": "CASH IN HAND",
      "codes": "00001-00001-00001",
      "fixed": 1,
      "left": 1,
      "right": 0

    }
  },
  {
    "model": "Accounts.elementaryhead",
    "pk": 2,
    "fields": {
      "subhead": 3,
      "name": "GOODS IN TRANSIT",
      "codes": "00001-00003-00002",
      "fixed": 1,
      "left": 1,
      "right": 0

    }
  },
  {
    "model": "Accounts.elementaryhead",
    "pk": 3,
    "fields": {
      "subhead": 3,
      "name": "GOODS OUT TRANSIT",
      "codes": "00001-00003-00003",
      "fixed": 1,
      "left": 1,
      "right": 0

    }
  },
  {
    "model": "Accounts.elementaryhead",
    "pk": 4,
    "fields": {
      "subhead": 3,
      "name": "WORK IN PROGRESS",
      "codes": "00001-00003-00004",
      "fixed": 1,
      "left": 1,
      "right": 0

    }
  },
  {
    "model": "Accounts.elementaryhead",
    "pk": 5,
    "fields": {
      "subhead": 3,
      "name": "CURRENT STOCK",
      "codes": "00001-00003-00005",
      "fixed": 1,
      "left": 1,
      "right": 0


    }
  },
  {
    "model": "Accounts.elementaryhead",
    "pk": 6,
    "fields": {
      "subhead": 5,
      "name": "INSURANCE",
      "codes": "00001-00005-00006",
      "fixed": 1,
      "left": 1,
      "right": 0


    }
  },
  {
    "model": "Accounts.elementaryhead",
    "pk": 7,
    "fields": {
      "subhead": 6,
      "name": "REPAIRS & MAINTAINANCE",
      "codes": "00001-00006-00007",
      "fixed": 1,
      "left": 1,
      "right": 0


    }
  },
  {
    "model": "Accounts.elementaryhead",
    "pk": 8,
    "fields": {
      "subhead": 6,
      "name": "ADVANCE RENT",
      "codes": "00001-00006-00008",
      "fixed": 1,
      "left": 1,
      "right": 0


    }
  },
  {
    "model": "Accounts.elementaryhead",
    "pk": 9,
    "fields": {
      "subhead": 7,
      "name": "INPUT SALES TAX ",
      "codes": "00001-00007-00009",
      "fixed": 1,
      "left": 1,
      "right": 0


    }
  },
  {
    "model": "Accounts.elementaryhead",
    "pk": 10,
    "fields": {
      "subhead": 8,
      "name": "INPUT SALES TAX ON CONTRACT",
      "codes": "00001-00008-000010",
      "fixed": 1,
      "left": 1,
      "right": 0


    }
  },
  {
    "model": "Accounts.elementaryhead",
    "pk": 11,
    "fields": {
      "subhead": 14,
      "name": "RENT",
      "codes": "00003-000014-000011",
      "fixed": 1,
      "left":0 ,
      "right":1


    }
  },
  {
    "model": "Accounts.elementaryhead",
    "pk": 12,
    "fields": {
      "subhead": 14,
      "name": "INTEREST",
      "codes": "00003-000014-000012",
      "fixed": 1,
       "left":0 ,
      "right":1


    }
  },
  {
    "model": "Accounts.elementaryhead",
    "pk": 13,
    "fields": {
      "subhead": 14,
      "name": "PROPERTY TAXES",
      "codes": "00003-000014-000013",
      "fixed": 1,
       "left":0 ,
      "right":1


    }
  },
  {
    "model": "Accounts.elementaryhead",
    "pk": 14,
    "fields": {
      "subhead": 16,
      "name": "OUTPUT SALES TAX",
      "codes": "00003-000016-000014",
      "fixed": 1,
       "left":0 ,
      "right":1


    }
  },
  {
    "model": "Accounts.elementaryhead",
    "pk": 15,
    "fields": {
      "subhead": 18,
      "name": "PROFIT/(LOSS) FOR THE YEAR",
      "codes": "00004-000018-000015",
      "fixed": 1,
       "left":0 ,
      "right":1


    }
  },
  {
    "model": "Accounts.elementaryhead",
    "pk": 16,
    "fields": {
      "subhead": 18,
      "name": "PROFIT/(LOSS) CARRIED FORWARD",
      "codes": "00004-000018-000016",
      "fixed": 1,
       "left":0 ,
      "right":1


    }
  },
  {
    "model": "Accounts.elementaryhead",
    "pk": 17,
    "fields": {
      "subhead": 19,
      "name": "DIVEDENDS FOR THE YEAR",
      "codes": "00004-000019-000017",
      "fixed": 1,
       "left":0 ,
      "right":1


    }
  },
  {
    "model": "Accounts.elementaryhead",
    "pk": 18,
    "fields": {
      "subhead": 22,
      "name": "SALARIES (ADMINISTRATIVE STAFF) EXPENSE",
      "codes": "00002-000022-000018",
      "fixed": 1,
       "left":1 ,
      "right":0


    }
  },
  {
    "model": "Accounts.elementaryhead",
    "pk": 19,
    "fields": {
      "subhead": 22,
      "name": "UTILITIES EXPENSE ",
      "codes": "00002-000022-000019",
      "fixed": 1,
      "left":1 ,
      "right":0


    }
  },
  {
    "model": "Accounts.elementaryhead",
    "pk": 20,
    "fields": {
      "subhead": 22,
      "name": "RENT EXPENSE",
      "codes": "00002-000022-000020",
      "fixed": 1,
      "left":1 ,
      "right":0


    }
  },
  {
    "model": "Accounts.elementaryhead",
    "pk": 21,
    "fields": {
      "subhead": 23,
      "name": "ADVERTISEMENT EXPENSE",
      "codes": "00002-000023-000021",
      "fixed": 1,
      "left":1 ,
      "right":0


    }
  },
  {
    "model": "Accounts.elementaryhead",
    "pk": 22,
    "fields": {
      "subhead": 23,
      "name": "SALARIES (SALES STAFF) EXPENSE",
      "codes": "00002-000023-000022",
      "fixed": 1,
      "left":1 ,
      "right":0


    }
  },
  {
    "model": "Accounts.elementaryhead",
    "pk": 23,
    "fields": {
      "subhead": 24,
      "name": "BANK CHARGES EXPENSE ",
      "codes": "00002-000024-000023",
      "fixed": 1,
      "left":1 ,
      "right":0


    }
  },
  {
    "model": "Accounts.elementaryhead",
    "pk": 24,
    "fields": {
      "subhead": 24,
      "name": "INTEREST EXPENSE",
      "codes": "00002-000024-000024",
      "fixed": 1,
      "left":1 ,
      "right":0


    }
  },
  {
    "model": "Accounts.elementaryhead",
    "pk": 25,
    "fields": {
      "subhead": 25,
      "name": "SERVICES REVENUE",
      "codes": "00005-000025-000025",
      "fixed": 1,
      "left":0 ,
      "right":1


    }
  },
  {
    "model": "Accounts.elementaryhead",
    "pk": 26,
    "fields": {
      "subhead": 25,
      "name": "RENTAL REVENUE",
      "codes": "00005-000026-000026",
      "fixed": 1,
      "left":0 ,
      "right":1

    }
  },
  {
    "model": "Accounts.elementaryhead",
    "pk": 27,
    "fields": {
      "subhead": 25,
      "name": "INTEREST REVENUE",
      "codes": "00005-000026-000027",
      "fixed": 1,
      "left":0 ,
      "right":1

    }
  }
]